user_id,email,password,username
1,mkilrow0@dot.gov,iR4~If`~UD,prainsbury0
2,mmillion1@mapy.cz,nM1{Pua|,llinge1
3,mruzek2@gizmodo.com,iG4!vgxEDS4{L,mdoick2
4,qharburtson3@theguardian.com,aC8%m$WX\HgkCfU,jattrie3
5,sshoemark4@fda.gov,oZ1.\dV+e$xP,rclaessens4
6,ralabastar5@icq.com,"aP3'_2""~!4G6lD",kzannini5
7,scuffe6@accuweather.com,"jM4%KNx,f6nAsg",gemons6
8,rsallarie7@typepad.com,tN9*WRR.Gt)(E2T,dseson7
9,mlanney8@bluehost.com,rK8)4fV~,cfoxwell8
10,kabell9@timesonline.co.uk,pA6=Fg/8.}lloX$<,ffenck9
11,abraunthala@theglobeandmail.com,"jF5~xT@!S""V}mz",wrumensa
12,lwickrathb@statcounter.com,fA9>S)D<pc<q\wVM,jscantleburyb
13,vmaragesc@dailymail.co.uk,mT9=V)~DY!t36>,esudellc
14,brandalld@abc.net.au,nJ1/s_d8'Y0Sh#%',nsleenyd
15,mallkinse@squarespace.com,pT9?HKE`B)Y=K),epflegere
16,ameenanf@chronoengine.com,pA4/*`H5o2\,lbarhamsf
17,ephilpaultg@themeforest.net,cG3/UHeOSZ!Y7\0,swyburng
18,gsuthrenh@psu.edu,uB4@7q0QnF6#,thamblyh
19,cstormesi@nba.com,oF5+nfEu,dskirvingi
20,tbrightyj@hao123.com,xE6\c~gZn@92v=&k,gseedhousej
21,wgoodlattk@engadget.com,hU0(\YLIXd6L,ezellnerk
22,srangeleyl@scribd.com,fJ8&RE`>Q)8hG!h=,tfaseyl
23,mfinckenm@jimdo.com,fV0=y~iEC,bdabernottm
24,ladelsbergn@4shared.com,"hV7""eu(2*J",ckeuningn
25,slurcocko@foxnews.com,sW2*h`a!p,slefeavero
26,ydeeneyp@studiopress.com,"bU8!kt+GV,%",misaacp
27,alaphamq@mit.edu,dW6.'kXPrl%,ofaichneyq
28,cgrealyr@macromedia.com,"eA7)""P<b?I<9a0",tandrzejowskir
29,kmcconways@pinterest.com,xG8?6vymO\I7B<Q),cspreys
30,hhaggatat@angelfire.com,"gM9(,OA#n~!z#W&'",aaparkt
31,sbadgersu@shop-pro.jp,wR1\sePA},rmackeeveru
32,shardbattlev@archive.org,rR4\ZJT3yx`},cshowtv
33,bstukingsw@hostgator.com,sF2~?(Wpiv!la,gcawsyw
34,klangtryx@elpais.com,iQ5&*AsNQITnSf$,shanniganex
35,kfulchery@ibm.com,tF2@g_N9X,jsiberryy
36,cclaraez@multiply.com,qA4'fXUQ)U9A*/oS,eboddamz
37,sparcall10@indiatimes.com,wK6`(`eTDM1>#U,kbiaggioli10
38,swanden11@i2i.jp,wY4*uw!en.}T,sfielding11
39,hsellman12@trellian.com,hU9~MI2wO_*RE@B,tpethick12
40,tyokelman13@slashdot.org,nL9*pGPxsI3b?,jlote13
41,npoundford14@prnewswire.com,uW4>_N8I,vgreenrodd14
42,jgilbey15@pcworld.com,tT1|TJ50/c0C,ehuntar15
43,astronough16@qq.com,fR2$i&*>>bK,yrollins16
44,rpatman17@aol.com,vY3+c>sqDBJ,tmanuel17
45,ldenecamp18@netscape.com,"hN3@u""<4l",rbonett18
46,bfihelly19@businessweek.com,qA8*u'LILa,teverley19
47,channent1a@imdb.com,iK7$.\>&JV{B3,rharkess1a
48,aavo1b@phpbb.com,hY5~4RDV,astreets1b
49,vsevitt1c@fda.gov,"cX3|@rl""g2.I",tkarczinski1c
50,tspeck1d@sohu.com,hJ9\M!Uk,rreichartz1d
51,ljanoschek1e@canalblog.com,oY8{o'{*o,epadrick1e
52,tealam1f@newsvine.com,jZ6%e{.DyzusK,dholleran1f
53,estygall1g@samsung.com,sE5$yN?_ty_zE,lmactrustie1g
54,bbrogiotti1h@reddit.com,cH1`Uk_Nx=,cnendick1h
55,ebosworth1i@home.pl,vU0%4klhMaA`k,cgrigoryev1i
56,glorentzen1j@jimdo.com,nG8_2aCoz(Q,cclapperton1j
57,cmarvelley1k@hostgator.com,nB2~pm0wx,rhuggard1k
58,bhadgraft1l@ning.com,gA5.=6u4,mgoulter1l
59,nolexa1m@jiathis.com,sW9_5x}~Tc}j}1,yanscombe1m
60,gbows1n@jalbum.net,"zZ6`""/'0Qp",aeynon1n
61,bsingers1o@indiatimes.com,yY0%P#\$,mhuggen1o
62,ggages1p@skyrock.com,mZ8}+.{$+LnzO1?O,crabbet1p
63,elowre1q@stanford.edu,uH5{{ECi8YV`+,njikovsky1q
64,snovotne1r@xrea.com,lY1~OZ}qif,dallot1r
65,kpaulitschke1s@youtu.be,dB5+L/#!+u`ZSxc,dabsolom1s
66,awaryk1t@symantec.com,"cN5""iX$<#",rcheccucci1t
67,mcrownshaw1u@answers.com,wE1=~`Axcp6XLOM,omold1u
68,wbeetham1v@sogou.com,"jA1&tDk6#g""//Yho",bputland1v
69,bkirkam1w@mapy.cz,jS5/6Q#eP,ptansey1w
70,eallain1x@ox.ac.uk,qD2!JH|j0n/pY,sdionisetti1x
71,edrinan1y@newsvine.com,"rH8)JUd""2_CH+7Ue",cvanyashin1y
72,tdebruin1z@qq.com,sN2_fS/Qt},ehayen1z
73,cbuckston20@thetimes.co.uk,oT9+|C%FiF,gedards20
74,mmcwhin21@globo.com,uN0!n'mdvXqGM,nsoars21
75,dmayall22@tripadvisor.com,rM5|0$HZbiC*X,kbrickwood22
76,tchatburn23@gov.uk,nP3)Y./$tC1v*|,eboick23
77,lfaulkener24@woothemes.com,"mI3""6rP.'OuL""EC",hglasman24
78,ykopfen25@theglobeandmail.com,kQ4/|%Bu_Cip,dlynes25
79,rdunnion26@bbb.org,bQ6\2cENqgOI,wbeames26
80,meyers27@upenn.edu,"iH7""_EL""|~t",hstranaghan27
81,ieades28@elegantthemes.com,cA6=U&.R=!,astandall28
82,tperrington29@vk.com,vF8<7Oi?wS<KeBY,nhatto29
83,rallabarton2a@domainmarket.com,"bY5?p,wNA",odelcastel2a
84,pbrockest2b@ibm.com,iG3$@0`<&4>D,bcinderey2b
85,khenfre2c@toplist.cz,"gM5""Y'bp!cP$e4_!",njakubski2c
86,ycosgreave2d@dropbox.com,"vU9,hs4|I6fx""W.i",dsamwell2d
87,aleyborne2e@smh.com.au,sA2_kQdf,hwillers2e
88,tsmithies2f@list-manage.com,aL5>@XXP=q,whasnip2f
89,pabrehart2g@loc.gov,mG3?}2Q$,sabyss2g
90,mmccartan2h@senate.gov,dU9.Bfb&!,dgerleit2h
91,lgiorio2i@indiatimes.com,vF6\3RMG4d+#(5Q,vgiraldez2i
92,despinho2j@msn.com,jH4%!$T/7,kcasaccia2j
93,mguiduzzi2k@rambler.ru,jD7?IOQ8K.5,cphil2k
94,rmcgettrick2l@wiley.com,zE7'iFvF,rpaffley2l
95,rchafer2m@technorati.com,"nM0)J""p_&.a.H4u",ncrehan2m
96,fstadden2n@exblog.jp,uM1|JU%{1,sreisenberg2n
97,ttookill2o@pagesperso-orange.fr,eY5}*/SHO\,gpindar2o
98,sivery2p@unc.edu,"iG8,F>AXs54A#s",lshelley2p
99,dlane2q@nytimes.com,"jS5~,vy=/sT",ncarlos2q
100,aiacavone2r@sitemeter.com,eI8$8?5&o8r`n(`6,kpaskell2r
101,mtibald2s@mayoclinic.com,sJ4(JBI6rW!_n1Q,mhastwell2s
102,cmeaders2t@vistaprint.com,tT0%Qnc1,gkornel2t
103,fvanhaeften2u@mail.ru,kM3%*F5Ggmm{,macom2u
104,dcamous2v@rambler.ru,zD4}d)&DIIm=,abeckson2v
105,alimpenny2w@printfriendly.com,"pU1\jy0MINHA8+m""",ghofner2w
106,esaltern2x@icq.com,mB4~bY=Zj@RI?1H,apalmar2x
107,tbugs2y@unc.edu,mM2~!1!&APlH,aibotson2y
108,rharriott2z@senate.gov,yR3#(q0Yg0F@4w,epayne2z
109,yong30@reddit.com,tF7'x3)$Z>i},ufortescue30
110,bcusick31@bandcamp.com,yR5?JB#(ByS3H(o,lspragge31
111,ngooke32@cnet.com,aP4#>7/If6BT1,vclemmett32
112,btolchar33@last.fm,mH0#hRu'i1qh!9p!,mvandenhof33
113,erubega34@topsy.com,aV9=xwb1mXqR1~AX,sprando34
114,cmacgorley35@indiegogo.com,yX3|@VC>7,rshorland35
115,gpinches36@admin.ch,qK3%%`>K5|r,gbarnicott36
116,toattes37@google.com.br,"mH6?""'g>1cUz@",knanni37
117,rleal38@dmoz.org,"gD1\G0""%ST""n1Rm",ckibblewhite38
118,gpetzolt39@freewebs.com,"vF7|<,mA1T&4s=""U",hrablen39
119,krawstron3a@unicef.org,rA1?YmU!gcrg|o,imorrilly3a
120,talsford3b@wunderground.com,wE5@R'pAy/,dmaccaughen3b
121,wsalerno3c@topsy.com,uZ1|Pbio`O,ngayther3c
122,lthursby3d@microsoft.com,rY2=oLod$>,vfarris3d
123,dgreengrass3e@mit.edu,rX8<ES`%,jsemor3e
124,abrittain3f@blogspot.com,lT0}TyUrh{R5UFu',dsplain3f
125,witzakson3g@google.ca,qA6#7HxM,glucey3g
126,ttrimnell3h@wordpress.org,"vV5=73,6lUzn$lHa",bquantrill3h
127,amessier3i@gmpg.org,qP6`Kg64b#3ibh,msheardown3i
128,olineker3j@tripadvisor.com,qO2<h9lxM)u8U,nduckers3j
129,hchasles3k@wired.com,sS5_(E(D'B2,pteague3k
130,lodriscole3l@europa.eu,zU5*9WV'3O>g>,mbeechcraft3l
131,fdursley3m@hhs.gov,aD8/k\z0ix,wrohloff3m
132,snowick3n@whitehouse.gov,yR3%`|1nYh,lbrody3n
133,olinguard3o@simplemachines.org,"pW1`ViB""",jpleasants3o
134,bclackers3p@qq.com,tN6/=Rjn\${(SW,mhofler3p
135,rknapman3q@telegraph.co.uk,"oU2""ZA}o",bkobke3q
136,bwestfield3r@yahoo.co.jp,hN7|+\fz@*r,mcorner3r
137,tscranedge3s@arstechnica.com,"nF2=""SXEt4}9",bleynham3s
138,rwhate3t@prlog.org,"nP2|,r~<wWw)I",cbassett3t
139,dgait3u@fastcompany.com,fF3?wK*&zf{{omJ3,fferryn3u
140,sfison3v@si.edu,lK8)t_8j,chearsum3v
141,ccrocombe3w@sphinn.com,dH7|{`J2V`*2c,rchominski3w
142,rtokell3x@typepad.com,zA8_7.0g,medeson3x
143,mmadgwich3y@cnet.com,mB2#4jOx=|,langel3y
144,rfallon3z@examiner.com,kE7/DexeiOPV,ssambals3z
145,dhindrick40@cisco.com,lU2.wJMjf<5q#1,vrosendale40
146,fhearnaman41@macromedia.com,xM2~tSJ#B,ulintill41
147,mmcilwrick42@cloudflare.com,"uL6*3""Ee{HAVV=k",fknotton42
148,modney43@123-reg.co.uk,aP6}_1xL,ocowely43
149,bwestmoreland44@answers.com,sY3~`9(9Aa,emullineux44
150,mgontier45@baidu.com,fL3$8%O'fB,dvalentinetti45
151,lhowe46@simplemachines.org,sU9(&(AL,rslyme46
152,cfibbitts47@angelfire.com,kM5+TC1H+/r?ej,dwincer47
153,kgrigolashvill48@creativecommons.org,sP9'`%I.i'r/UZ,jastman48
154,echeco49@patch.com,iU3_B{+t>#f,ogiraldez49
155,jmullinder4a@wikimedia.org,oY5_0l0r=2/$noO,mdulinty4a
156,sfairn4b@state.gov,vS6+!1u%G(~0oGgA,hlarose4b
157,rjosum4c@home.pl,dD6/$<uH'sr,jplummer4c
158,ilogsdail4d@friendfeed.com,xN4*T*xq,bsporgeon4d
159,vpristnor4e@jigsy.com,kP3_r.Hhc=+9/wQ>,usciusscietto4e
160,aedinborough4f@icq.com,vY8'y!C/1Ht,jengley4f
161,atopes4g@salon.com,xT6_WEdpXCdBlfc,gastman4g
162,csymons4h@clickbank.net,zI4_lRiK5&wX1+,smargrie4h
163,rallibone4i@newsvine.com,"uN5+T,k)sZ|F/C",tesland4i
164,mmacrury4j@altervista.org,jA9@Fu*Dx,ejackson4j
165,fiacivelli4k@artisteer.com,"kP0$HsI~,7+oK8",mkershaw4k
166,rhillburn4l@xinhuanet.com,yF8.HgT'Ni\)>SBb,tbernardeschi4l
167,fstroulger4m@blog.com,uG3(<tjxhU,skemet4m
168,nnolder4n@typepad.com,yE4&&.bG(8#?2,aperutto4n
169,jhabbert4o@soundcloud.com,pT4>/l$BG?%#,opallasch4o
170,jilson4p@yahoo.co.jp,"wJ6<`iUw|8,!",tlink4p
171,lloiseau4q@quantcast.com,xA9?d.0N$*y7\OQ{,atoleman4q
172,fvanbrug4r@apache.org,pJ4}<ytD7J?TQ,bbebbell4r
173,lstenhouse4s@oakley.com,"fN3,p}Nr",ebrazur4s
174,mcarryer4t@aboutads.info,jY8(LqbEi<S,mrackley4t
175,charnott4u@redcross.org,mD1@YC/}%5X5uFQ|,blaba4u
176,hterrelly4v@myspace.com,rU5\!YK*r,gbarkworth4v
177,stertre4w@army.mil,jE3&eW>p,bwidocks4w
178,hsulter4x@scribd.com,fB7'BGuxshQJ,ktreend4x
179,bpezey4y@ebay.com,cI6*dfP{SaI'l,ddomenicone4y
180,gjohnston4z@tamu.edu,"rM7*f""4|q'SJ1#fp",dfilyukov4z
181,eferraretto50@businessinsider.com,rU2.(ownd,tstrother50
182,dscrase51@buzzfeed.com,vL4)OG$i?O4WYZdN,lginger51
183,fbozier52@ca.gov,"gQ4<EMRz|3""S@",lyaakov52
184,djacquemot53@mac.com,"nR3'!JVw|,Y0",mscolts53
185,ftertre54@nydailynews.com,cF5|$$.Hv1_,wbroadhead54
186,givashev55@uiuc.edu,sL2&.wCsP,sharwick55
187,rmalbon56@phoca.cz,cQ0\H1KuFA<,ebeesey56
188,jcaslett57@techcrunch.com,pS7<e&$ZX,zlisett57
189,ccrummay58@i2i.jp,fH8.=57nlF',jsargeant58
190,nrawsthorn59@ucla.edu,wC3/{LNX17!/k!S*,smacwhirter59
191,mchurchley5a@dot.gov,cK9.>h)%,scoiley5a
192,roheffernan5b@sphinn.com,wC6<BZ$+Y,krosenbush5b
193,dcuddon5c@google.com.br,mV3.iU.'Ki)\V|H~,rpietruszewicz5c
194,thaymes5d@washingtonpost.com,xR3++5?V2@JDL#J.,drixon5d
195,gchisman5e@nhs.uk,lA8\%Yz&|,tbellow5e
196,lharry5f@techcrunch.com,xB1<<*RDv37g@G)A,qbattison5f
197,adohmann5g@archive.org,eZ7}ml9NkQvPq,dpunshon5g
198,dterbruggen5h@theguardian.com,bF6<Sh_OwYsZN,asam5h
199,gjurisch5i@netscape.com,oC2{>OsX(,mgrubbe5i
200,scovet5j@icq.com,oF9|4<rr{i6,aspir5j
201,aphillott5k@cornell.edu,kE6_Tgm8A,gsackey5k
202,ccroisier5l@exblog.jp,lI3}ldOEwkF,pwalicki5l
203,rcalcut5m@alexa.com,fY8~+L|b/>B,wbussey5m
204,ksand5n@behance.net,jQ9'itgMTHEQ,mwandtke5n
205,schanson5o@smugmug.com,"oV0(@%4x""l!w?&9",dmetherell5o
206,hvedeshkin5p@samsung.com,"qD8,3kJnCf%ToQ",acowdray5p
207,bbeachem5q@live.com,lJ2$%n'6tQ3.G%kv,kstubley5q
208,fcoey5r@macromedia.com,"bK6>GUc""ngLwuJ",kbenzies5r
209,wbeardwell5s@mit.edu,tC2<)9%taGVS{,dconnikie5s
210,mbohling5t@auda.org.au,"sK9}_""*hFI7",llaneham5t
211,febbage5u@netlog.com,hP0<OT9z,salexander5u
212,jpigott5v@addtoany.com,eJ2=*9nvqL,bpedlow5v
213,mfarebrother5w@redcross.org,aV5(&Qd??f_S,pmaber5w
214,fstocken5x@scribd.com,zZ8#S=FT<`iSDKj5,mrenachowski5x
215,emanssuer5y@meetup.com,"dU7@vvBdD""S",cgaize5y
216,jblees5z@google.co.jp,vT7|F<cl,afairbanks5z
217,vjosuweit60@mac.com,wV6~QJQbyJ0p8v,irosina60
218,acaselick61@apple.com,dQ2$<76o_,cfollin61
219,bemslie62@nbcnews.com,"eJ0,WvTGiKCG",isemper62
220,ahuc63@opensource.org,hL9>2{}+!c'{V,wpledge63
221,dduff64@oaic.gov.au,mM5&ahO28*OeB{,acoghill64
222,rkelshaw65@squidoo.com,wD7~(*?'h6VHKU,ropdenort65
223,ilaurie66@yolasite.com,"fF9=M6bL,C\c?o",afoley66
224,ubassano67@feedburner.com,oS1=Ufgp,abruun67
225,shuitt68@mozilla.org,oY5)116$,mstallebrass68
226,wfreckelton69@icq.com,hC1!%Z<IH=Z&5R',turey69
227,kburton6a@java.com,jH1>|%3a5s*8n'A,vhumbles6a
228,hfeuell6b@mit.edu,nZ8!`}p~=,lmuttock6b
229,btipperton6c@oakley.com,bA3%UDzxfZBu8,cgarrold6c
230,mlicquorish6d@eepurl.com,vB9!0g5iVG.),ddahlback6d
231,hdenisevich6e@unesco.org,eT9_B6R7.,pmessom6e
232,gtatersale6f@gizmodo.com,eR3$bHTT>X\F3,hchatfield6f
233,rbittany6g@vk.com,"lX8""*atHMQ}PC,%",probez6g
234,cschustl6h@businesswire.com,nK0'Q)2elwKj,cdulin6h
235,pbezants6i@hibu.com,cA4!8|)C_S,fjeness6i
236,jwaghorn6j@opera.com,mE6\R'#oryV4s~G,gclothier6j
237,mmatuszynski6k@wordpress.org,qQ6|BX@Qj6o(M,rearthfield6k
238,sjess6l@addtoany.com,rB3{#>LY/lT+,ztie6l
239,aheadrick6m@wikia.com,"zD1/v_""CC?$@0c<",batteridge6m
240,wsempill6n@posterous.com,rP6_{2ll851YiM<N,oedling6n
241,lodornan6o@ifeng.com,eF8#0l(s1<>5,mchauvey6o
242,jduley6p@senate.gov,"fS5""h""~z1",njaskiewicz6p
243,ftyndall6q@google.de,uQ4#!6x3JpvN,sgerant6q
244,iburet6r@sakura.ne.jp,jN4!tP}35K`gl,sgodsal6r
245,bgoom6s@drupal.org,"nK4""*ay3<",dbyllam6s
246,jstowell6t@tripadvisor.com,fK7`Ccls<,mrignoldes6t
247,cqueree6u@sohu.com,gA5*DBFgi%TCUL,sessam6u
248,gebbin6v@accuweather.com,"zU3,s+aYF9op6lo",rmcallaster6v
249,hbaythorp6w@friendfeed.com,wJ4/~mb+{(R5io$V,djannex6w
250,cmoine6x@stumbleupon.com,jM1`sO4Ao<,rbaterip6x
251,vhavercroft6y@addthis.com,iA0!kGo$,kbrentnall6y
252,lrisbridge6z@biglobe.ne.jp,uK3(6~HYuEz~yN|7,rwillicott6z
253,rmendez70@sina.com.cn,pQ7)X*BDkOd,qblakden70
254,gsoutherell71@wsj.com,mB8%P<$ufo$&F7Z,greppaport71
255,fcoen72@twitter.com,"pU4@,Z|?.c>",msamber72
256,kandrat73@stanford.edu,hE7#ATM*euTz,dgermon73
257,dsneezum74@sphinn.com,vK5%0j(U)/|',wrosbottom74
258,yattwill75@liveinternet.ru,dT5+$E5vn,cheddan75
259,snoir76@parallels.com,tN6}}ZTHYN&E,adionsetto76
260,rsemken77@addtoany.com,dP4=Vz&9(6i*|35z,blewinton77
261,pbickardike78@scribd.com,"tN1/gnk,",ebehrens78
262,ggreening79@yahoo.com,zR9<oK0K(p,sgoulding79
263,rperrott7a@cnet.com,kV9/(F_hg,tkibbel7a
264,cbaden7b@blinklist.com,"oW2@Iwo/,mQ_$08",rdutnall7b
265,pettery7c@paypal.com,oC4_|np(?'gPms,dmcspirron7c
266,zmarsy7d@ning.com,"hB7$(,i""RU><3&U",vchang7d
267,rsturgeon7e@xrea.com,mV1+18T(t|Ay7M`,rvasilchikov7e
268,ewalwood7f@bigcartel.com,qW1.CGy&c.IR,sshillaber7f
269,mmaysor7g@oakley.com,"pO6""N>l%<u9x",snisbith7g
270,adegnen7h@upenn.edu,vB2.wR6zyu,cstych7h
271,sgunton7i@jigsy.com,"gI1,Ni}qO",dllopis7i
272,ltwallin7j@ucoz.ru,nW8~!<buegk7c,pluthwood7j
273,apelling7k@about.me,wH0}gLFj,lsooper7k
274,corange7l@columbia.edu,"dP0""y$Hxr%2(",fhosten7l
275,dmckeag7m@hibu.com,mJ8$d+JeiZX,lshadbolt7m
276,bkydde7n@issuu.com,zK0/sJ*~S3fPu,lmanclark7n
277,rrash7o@squarespace.com,iU2{EdX$>.Lm~m`p,mgarfield7o
278,mwhitwham7p@dell.com,hG0`6FTo~R,gorpyne7p
279,menos7q@washington.edu,rV2<Ek&5lW@V,dsenechault7q
280,aburchett7r@guardian.co.uk,lH0<A?3=,rborell7r
281,rcleynman7s@sohu.com,hO3'(i`@TQ#f3x,rfreezer7s
282,tpeschet7t@sphinn.com,rU2*pe#ef,rdyment7t
283,cdunkinson7u@guardian.co.uk,iF3?iRo6({CF)'/,tleffek7u
284,skeith7v@barnesandnoble.com,nC6%jdp#myWFRK`q,rmarien7v
285,rjupe7w@webeden.co.uk,oO0*9L'mG5=D3#,rhynard7w
286,khaukey7x@skype.com,"zG6+Mu.R@6~$9=""z",rshewsmith7x
287,dridewood7y@yolasite.com,"iK3.np""*ELvRP0K",lfilip7y
288,bllelweln7z@hc360.com,pR6`_62&nhy,hkenion7z
289,ateideman80@hhs.gov,rT0+6K+O.d,urobjant80
290,mclurow81@icio.us,eX7/QYLn,jfeldbaum81
291,aarnowitz82@wix.com,"pU4>`@Qzvp~""bQ~",ibutte82
292,vfrede83@dell.com,cY0?@7&Jr,pshellsheere83
293,jmunt84@ca.gov,mD1{w4BSOv,amoggan84
294,enuth85@amazon.co.uk,"uR7\""pDu",nrapinett85
295,rsture86@shareasale.com,"sM0|W<""!C",cgokes86
296,kemberson87@un.org,vX9(_s45P,hcrippill87
297,mtippler88@who.int,lH9\vzTqm?,icowlam88
298,scornelleau89@g.co,mH2.aw0Ad,bmactrusty89
299,prasp8a@meetup.com,dC3&O~#6{veoP>1,eperillo8a
300,sdodshon8b@biblegateway.com,"hP5)rYptw,W(",vbrauns8b
301,cdresser8c@pcworld.com,wV8}54q~Xvz}~M7U,rclausner8c
302,niffe8d@free.fr,"dM2>XA%irF.=NK""",fcannam8d
303,hcristobal8e@examiner.com,nL8`k\X5Sg.U|y,dwestcott8e
304,jlooby8f@fc2.com,kY3+ww3XWWTsz,qsulley8f
305,moheneghan8g@storify.com,tR5+R}OvS$/,mrydzynski8g
306,llightewood8h@studiopress.com,oN9(m1wB%Z\*,cerickssen8h
307,fmarland8i@comsenz.com,dX1$0AG<A{X%,greichhardt8i
308,rcoolson8j@networkadvertising.org,"aC4&20~,kd",ppownall8j
309,kwilbor8k@who.int,lH8<%X/s(/Pn,awince8k
310,lcharlwood8l@furl.net,xV8@z6r8`,psholem8l
311,nmcaleese8m@imdb.com,cM6#c6KOE)|SJ~,gmillam8m
312,lcook8n@bbc.co.uk,"oQ9(R""j9oIl/s9T>",rhiskey8n
313,adoctor8o@stumbleupon.com,"rI8{fZ""%AghO",sduthy8o
314,hdisdel8p@upenn.edu,nB5%XCR+&&LRd,tgarron8p
315,gwimpeney8q@opensource.org,xO8'@3q/TB,odahlman8q
316,ogrgic8r@cbc.ca,xN3?KUa1+dXwA,bpanton8r
317,gdonaho8s@umich.edu,"aN9,d1CS5XrC,",rwitchalls8s
318,akobierzycki8t@miitbeian.gov.cn,rM9>AJOZl}Z#SD(+,dvurley8t
319,tcaswall8u@bloglines.com,tH3_n>.Bu2aXG,vedlyne8u
320,sbinnion8v@smh.com.au,aU4|0I_z7>$J,mchancelier8v
321,mchaves8w@wix.com,"yA2""fMl4IQD",fmcchesney8w
322,covenell8x@nifty.com,vN1*nr33RMl1,tbrandenberg8x
323,aselland8y@whitehouse.gov,"yZ6,|.h=~.",bpaddemore8y
324,gdeclercq8z@google.com.br,jK5+R9J|Jd_,mrickword8z
325,dhagwood90@cloudflare.com,mW7/}3Oj9!<,racome90
326,kmcglaughn91@facebook.com,"rL1""!TF@9s",hfrancillo91
327,sfalks92@stumbleupon.com,eV5=aNoj,jkores92
328,hbuggy93@infoseek.co.jp,oB8\p>'o{H9PF3,fsowerbutts93
329,rnowill94@bloglovin.com,"fJ8%QsK,d""n)<,$g",aburnard94
330,alenoir95@dailymotion.com,iT4'#??WxK2h.#T2,fpostans95
331,aauletta96@lulu.com,"pY2*vKW,b",dstleger96
332,ckeates97@cnet.com,fD5`VpnjHU&su,kkennelly97
333,kalennikov98@xrea.com,kT8\\JGc}.,mbewicke98
334,jmarquis99@army.mil,hD6=c&jm5o(,rsabban99
335,atumilson9a@examiner.com,aC4|JWn)W>GS,btethcote9a
336,gwysome9b@tmall.com,fZ9+7*)ZTayB,wharle9b
337,lathowe9c@posterous.com,tP2!|i(cg,rhulke9c
338,zweeden9d@comsenz.com,fV3|!}gw>\,mwondraschek9d
339,mfrise9e@gnu.org,wW1>{1*ccN,bworral9e
340,mblas9f@upenn.edu,"mC6!Ldg~/0',X",ksuter9f
341,kafield9g@yahoo.co.jp,zN1(zEi{X~ab,dcordall9g
342,klauritzen9h@forbes.com,xS1<x&n!!prD,agapper9h
343,eclackers9i@archive.org,qG9#?LSr6Ig,rhuncoot9i
344,psissland9j@slashdot.org,yQ4/CcxR{I,dbroome9j
345,tovitts9k@unesco.org,"pV2|zYO5N.o&,",pcocher9k
346,creadmire9l@ifeng.com,eO5_IBLH%Cv0*nel,gblock9l
347,dchat9m@slate.com,pW9\s=ipNIH_,sbarme9m
348,gmattke9n@eepurl.com,rB7!=e~q*u5p,pvalentim9n
349,mrimbault9o@intel.com,wC4~cJGlrA#+,nswaffer9o
350,cfain9p@123-reg.co.uk,oT7@#YND31,kestcourt9p
351,lbaskeyfield9q@printfriendly.com,"fP6%,L(U`Hp6G",dlanchester9q
352,mbenford9r@php.net,eC2%w?(NGC(v2OkZ,kscogings9r
353,bpreston9s@si.edu,zH7}RD3#X&Rjmu,starpey9s
354,jdavidowsky9t@boston.com,jW5&ep+b~W_{',rguise9t
355,sosan9u@privacy.gov.au,gS4)EXCw*8c9o,lfishburn9u
356,ofarlham9v@imgur.com,"jG3=5!.,l=*Aa",rwhistance9v
357,lkayser9w@edublogs.org,dN8(m<qOfj+,jmaccaughey9w
358,mdebrett9x@shutterfly.com,dC9!{*}ax9fy!,braven9x
359,mdockray9y@gnu.org,pH7%@HXX*q`2',snono9y
360,gsoughton9z@123-reg.co.uk,kD8'|G?1in)&Z,nwharmby9z
361,pkunata0@elegantthemes.com,wO7/a%mP$x32PT,fblagdena0
362,swaitlanda1@nature.com,bN7>&c*Xir0f$,hollivea1
363,lyurkova2@weather.com,zK5&PO<{>=}R?N5,criseleya2
364,aarguilea3@purevolume.com,"jS7+.b""YVS",kedmondsona3
365,ttilberrya4@amazon.com,iA3_|0*TP@F,wmacknockitera4
366,ogivesa5@opera.com,pK7&?gt\,cshatliffa5
367,keckersalla6@lulu.com,"uL7!>""udxn",tpeakmana6
368,gcrutchleya7@blogs.com,sP5\B#'(0/hIYl,ldraggea7
369,laldritta8@google.es,cQ0?&7%'m,jpundya8
370,vmclaffertya9@tumblr.com,dG8{ZkX+kw(e,tclawea9
371,operrinsaa@wired.com,rO1#Y2yJjVG/<0,bspillardaa
372,eokinedyab@arizona.edu,zY7\q?\Zp=,cdradeyab
373,cchristescuac@techcrunch.com,dH8.6EMDQkRgKLIt,cmosenac
374,shengoedad@kickstarter.com,"lS3}|F'8Cm?,e`",ngrimsellad
375,bmorsonae@census.gov,vJ6{SD*@,jmoraae
376,chubbisaf@nps.gov,cH0\<S2a,dtydemanaf
377,ggarcesag@go.com,aK2}*$_vNR,peasenag
378,tbrixeyah@cisco.com,gT7~fqcQzw}>F,wmclenaghanah
379,ghymorai@multiply.com,sZ5+QN1)aN1,cmadgettai
380,jfrancktonaj@ca.gov,mH4`6TM2AfhD_,dvanyashkinaj
381,bfleetak@tinypic.com,zN4'Ck.I=iz,phatryak
382,ghofneral@sciencedirect.com,bG3>?C#{Y,lbompasal
383,mknapperam@unc.edu,"bC6,*oznZ+v",ccarsam
384,sorodanean@cdbaby.com,iI7}O3tnLa,mmarkushkinan
385,bciccottioao@nps.gov,"uN1@!sz""t!ld1r",thumpatchao
386,gesselap@flavors.me,cL3}0z)|4H'P_,bsturgesap
387,rstovingaq@walmart.com,jM1$z&KH2`,jmursellaq
388,hmarcar@vimeo.com,wC9?mo<?f@Z,bpadgintonar
389,tranneras@blogspot.com,"bS2""ZNPga>",kbiermatowiczas
390,jkindellat@tuttocitta.it,"fJ0""(0<71H!v\",agoodayat
391,ycraytonau@ft.com,rZ5_Ytc6YS(93N7),wburreeau
392,skolisav@w3.org,"uG0,YjEG",fmertinav
393,rmoffaw@apache.org,"jL6`F_uS!+V""{O|",aposneraw
394,swhatmanax@wunderground.com,hI1$k&\q?,clotteax
395,wschoularay@wordpress.com,qN1=R?pe$a>nHA*z,asladeay
396,ofortyeaz@myspace.com,"zH4""a@8R4oRFq/Z",wmarlowaz
397,agunnellb0@bravesites.com,uW1.1VpZz$VMMLl,econradb0
398,cgarvinb1@cnet.com,"aV9""F0LP",plebretonb1
399,cdunsmoreb2@homestead.com,cU9'C+?j+EPwFtt+,psappb2
400,cpaddleb3@biglobe.ne.jp,"lF6?""r@JR",cmcgeownb3
401,raddicottb4@arizona.edu,"hK3'h""8%in=MyV@",vabarrowb4
402,vdaviesb5@adobe.com,fV3\_~8$,kgrimwadeb5
403,sprettejohnsb6@businesswire.com,qU9}UvTE94b)X6,mredshawb6
404,bbrandib7@house.gov,xG9#)'DfS7,brollingsb7
405,cbarterb8@dropbox.com,gQ5~M*O{Yz,sglentzb8
406,clindsleyb9@thetimes.co.uk,aY0#gSZ6by)m'0,bendicottb9
407,fgrocottba@amazon.co.jp,hQ3?*6}UBA\},mlawleffba
408,wcostainbb@state.tx.us,pO7}qkZZzepx,fyarrowbb
409,wpudanbc@geocities.com,kG3'yR>YM5,fjzhakovbc
410,egrishaginbd@bigcartel.com,yE5}>Q7881,cllopbd
411,mheismanbe@theglobeandmail.com,iA3?~$.jTk0T#dw,atarbertbe
412,gorrittbf@zimbio.com,wG4<@WlD,cimisonbf
413,bmcgillbg@facebook.com,"hS5,w1MqKk""9&",aromibg
414,sduplanbh@baidu.com,gX8)>aGuek{,fburgherbh
415,hvarndellbi@bbc.co.uk,pB5(kl$As=mqvd,cwhaymanbi
416,sstaddombj@blinklist.com,eG4@gj$}LSn_,psymsbj
417,bdobellbk@elpais.com,"yS4,esNK4",pmaylambk
418,ashervillebl@psu.edu,vA6}.u.pJW<kOnD,rsmedmoorbl
419,bgreedyerbm@bloglines.com,"vZ6&e,C~s9gO7y",fdreossibm
420,faverallbn@who.int,cB7//Njw/=,bsommerledbn
421,gboonebo@rakuten.co.jp,jB6>s08w6,dcarwithimbo
422,zlargenbp@rambler.ru,"xA4,t75.}FC+hyq",rgravenerbp
423,glawteybq@guardian.co.uk,uF3{eGr>ED|,rstapelebq
424,amassimibr@opera.com,rL8(ZyZ*+,ccoppobr
425,jmcquaidebs@wiley.com,lJ8>Fsy7n,acadanybs
426,jdelapbt@jiathis.com,rV7%_thg,klippattbt
427,amcjarrowbu@princeton.edu,hT3'VI6dt8D$,bgowardbu
428,abuncebv@google.com,yV6_9V1hO6w<p4K,cgaythwaitebv
429,dgenterybw@squidoo.com,pG3`Ai5LT,mcrookshankbw
430,gmayhowbx@marriott.com,"aZ3!Hkcs""_",grihanekbx
431,gvardyby@symantec.com,pI5=C|h=%?iA'AF,lordemannby
432,kglederbz@oakley.com,nO7~LnG>=p6M,dhounsombz
433,vlysonsc0@boston.com,kG7#ktZ&|$vmc.q,cdenisyukc0
434,rpilec1@smugmug.com,bB4`rHkhs.m,mhaddrellc1
435,alidgardc2@bloglovin.com,pF6?a+(*{L}W(',cfiggec2
436,nskonec3@bloglines.com,bV2)%TRY}zh>4F),gcollisonc3
437,hsnodenc4@scribd.com,"zD8,GjK6.~",rschimankc4
438,kjaukovicc5@java.com,lF9/9+_{8q,imackeigc5
439,ipiolac6@ca.gov,iJ0&P7&c3,dmcnaughtonc6
440,zmardlinc7@zdnet.com,uZ6%2=9/@,setoilec7
441,mbroadwoodc8@bloglines.com,aD3_%\LUHxzm+!S,acraythornc8
442,santukc9@vinaora.com,iO2{5<?a,mpesekc9
443,hlascellesca@taobao.com,lD8~_FcJQs_dKB_*,nosheaca
444,dracinecb@ucsd.edu,rM8(QW@ikt\F\q5t,cmeachercb
445,nwoolastoncc@newsvine.com,iR3~)QQmMN,cdonativocc
446,rstedecd@apache.org,iU8&_/${b}Nh{a6,lsmartmancd
447,gmuccinoce@constantcontact.com,jL4'?_$C}o&d0GGe,gmurpheyce
448,mbrockmancf@histats.com,lA7$#P?_3yvB3j1,zpetraitiscf
449,ganderlcg@house.gov,hA7&hxs6YT?,thrishanokcg
450,kbalchch@mayoclinic.com,aB5<4O6#SuYdCX},jfearnsch
451,javrahamci@seesaa.net,nJ7(#Ay`Zbb,rgosnoldci
452,edalgarnocj@chronoengine.com,uH5'sVjcAPnj2G,gplitzcj
453,jrobensck@canalblog.com,qJ2~b)Z},bboylanck
454,kgaytorcl@usatoday.com,dO5$Rc{BG*,dfranceycl
455,jbrigginshawcm@abc.net.au,"vB6|1~q""Bq",mtapendencm
456,ggrinaughcn@nhs.uk,lR8_#a>a$AU#M{q,jmaplestonecn
457,msimmigco@123-reg.co.uk,fM8{wN1dD36d8&,odeatonco
458,hcampionecp@answers.com,hY1#M1)/\=!MUl),kkyttorcp
459,egeydoncq@msn.com,"kH6`oZdd/A""0rK}",eoscanloncq
460,bsweetmorecr@fema.gov,"qT4""AUJTmPZ5G",lseviourcr
461,aidellcs@theguardian.com,tI1!8y@TNBqs,dmabeycs
462,cmcneilct@vkontakte.ru,wW0)<C0~ZHloYH0,ukerbyct
463,cneillycu@accuweather.com,"kM9@#GJd,N<VJ",jterrazzocu
464,ccorreacv@webs.com,pE9!s|B`UOC,nblakebroughcv
465,csloleycw@ucla.edu,mA6@=*%8,mbuchercw
466,rthompsoncx@cdbaby.com,rV3!4NsuUwO,snewburncx
467,jgriercy@topsy.com,pJ7%f~/l/,mgreediercy
468,icrawleycz@nifty.com,qQ9/?jEPWY*y5I|,cmoizercz
469,itiplerd0@soundcloud.com,xT4~+4qR'zvDao,skunad0
470,blacyd1@ifeng.com,"jR7~+H8Wcp""",imauldend1
471,fluchellid2@photobucket.com,hQ7`RQK<MS3=Z2,nmatuszynskid2
472,nriccellid3@ameblo.jp,gX0/ybI',witzkind3
473,felmored4@addtoany.com,qN6|wp_8<{f,abergeond4
474,tlucockd5@statcounter.com,bL9<TNLu>d,acardnelld5
475,llambertond6@freewebs.com,fY8|QZNR0*(w!x),shelwigd6
476,weastburyd7@army.mil,oV3)9kkr6l(CR,dtweeded7
477,haddekind8@engadget.com,"rZ6\nf>""$m1v''y",tdayesd8
478,lanespied9@squarespace.com,jI7>K\vt9M,qhaskerd9
479,rzettlerda@scientificamerican.com,rR0}`y?8,jeisigda
480,slipmandb@desdev.cn,bZ8'8pn{c(5uR=,mschermedb
481,tperrotdc@eventbrite.com,nR5_wc2I`,rmattimoedc
482,dblunsdendd@mapquest.com,"yE7,LdjO_6'",rdalemandd
483,mplemingde@icq.com,pT9_9%!r0A1|c6,pionescode
484,bbaseliodf@tinypic.com,"kI1""6+J..N'",mmoultdf
485,gallisondg@hud.gov,iN6(gfo2Q`w'qD,ehartleburydg
486,dmariettedh@angelfire.com,xY1.\S4*oWhU7(,pdoweydh
487,rlipsettdi@cisco.com,zU9&He}3q|+1&,agreensitedi
488,efeatherstonhaughdj@dmoz.org,rS4#84et8IjS&GA,jjirudj
489,kantonovdk@businessweek.com,hA2!ds~HQ,iclanceydk
490,eheggdl@g.co,zX9~Ib(eJ,srubindl
491,rlappinedm@google.com.br,kN2|)Qms+D$C,hkemetzdm
492,oandreacciodn@a8.net,"iP2,q9`QUxdOC\'",mcobbolddn
493,rgerrelsdo@phoca.cz,"wF3!""B*Rl}62+",erubinekdo
494,evantdp@nsw.gov.au,"vP7,B?H9%1y",fmugedp
495,fholsondq@cyberchimps.com,pC0?OV'Y}z_p{TE,miwanickidq
496,gcudworthdr@sbwire.com,kG0'sNqJS,avautredr
497,ijorgeds@irs.gov,hK8}8/hM,jcabrerds
498,alammiedt@mapquest.com,fB0}JWly,btidburydt
499,ebeloedu@howstuffworks.com,kS6%8cdz,mburressdu
500,mfiddemandv@nbcnews.com,fI4(&\Xo<OM,jpepperilldv
501,rsymondsondw@amazonaws.com,uJ8#EGM!~,klillemandw
502,psorsbydx@163.com,gK2`jKz1,gcrewesdx
503,speetersdy@moonfruit.com,"qU8,b}L~(N<+pg",svearedy
504,dmeriguetdz@histats.com,pD1~``lF,lthreshdz
505,lmcbradye0@walmart.com,uH9@jdW@kE8?n,ckendlee0
506,hthackeraye1@shop-pro.jp,"zM6$)E?,+e`*_$3!",vvernhame1
507,mblodgete2@adobe.com,pG2&OSgr@=i(,gkaruse2
508,rgeldarde3@jugem.jp,rS7<4{lb{rr!2x,ndurkere3
509,vparysownae4@newsvine.com,kL7'FFR{U,jfairniee4
510,clequeuxe5@163.com,jF1<u<vY1<,dcasine5
511,cmariaude6@livejournal.com,tE5.({kBqaO~V*9_,adevonishe6
512,aallnatte7@cbsnews.com,"rD7,78%4Z()",cjacobsone7
513,mfontellese8@ibm.com,"kP7='""mKlrCn@>",rwolfere8
514,bdemichelee9@de.vu,zE1%5GO$!_3)B,gferrilloe9
515,tkoseea@who.int,iC7'qxQY2,amarzellaea
516,ascarratteb@toplist.cz,hS1`4{}&R{$0s,obrehaulteb
517,kalvesec@topsy.com,"eD4`,~F1W\#",bwilmottec
518,vhelmkeed@parallels.com,"uC9(q""ho@OOPx|",nstembridgeed
519,lgudgeee@blogspot.com,"jJ8+I&B@A,{>\eI",kwilkinsonee
520,dvanneref@wordpress.org,rS5%)a(AF)t)n),kkindleysidesef
521,ybomaneg@canalblog.com,"cK0=,Io@><f/{",snicholseg
522,tmalletteh@xinhuanet.com,jY9$IR9q,aronaghaneh
523,mparagreenei@yelp.com,"nK5{q4""x$h3KU",nknobellei
524,chamej@exblog.jp,gD2`P.j8dRsQ!!,ileallej
525,ndegueek@amazon.com,"pJ9,TW0b5Nd",gbuskeek
526,efrendel@samsung.com,qX1(\g&U%5`U#,rvaseel
527,dgoadem@163.com,hI6\C$C!F=so,jhansenem
528,hkenderen@springer.com,"oT0,a1Dt""Oy!h",dcardenosaen
529,kshellidayeo@newyorker.com,iI6>#bCXvl,cmaccaffertyeo
530,ckoeneep@indiegogo.com,hM8*Eyf#c,nmanifouldep
531,gscoulereq@ebay.co.uk,pG6<>(M>~,cpennaccieq
532,ntoaler@techcrunch.com,xW6~xsJl,atougher
533,aingreyes@skyrock.com,eM3/?&sY~,sperryes
534,ktomasiniet@amazon.co.uk,"rS3""+~p<h",jkillshawet
535,rdunkleyeu@furl.net,oI6+b7fZ,qshimonieu
536,vdelasciev@g.co,dO8%LfL8_A<k,btorranceev
537,ibonnyew@kickstarter.com,"lU4`X%,07cQG",mlonderew
538,rerrichiex@godaddy.com,kQ9!2*Ax+m%\ny2,cvaliantex
539,sgreenhoughey@vimeo.com,xW7)S76k1VjkS,ewanklingey
540,jklewiez@linkedin.com,vI0`6SJp8rCoj,ehemphallez
541,gmargremf0@tiny.cc,oQ2?T(QSGuiYWs,rfredif0
542,gcaddockf1@cornell.edu,wM8'`EWn_j'(,dpoundfordf1
543,dilbertf2@toplist.cz,pY6`=L\X9(4s{,kgildingf2
544,tgittosef3@thetimes.co.uk,oB1'iRuT,relvidgef3
545,dumplebyf4@google.de,"eX7?=d9ue=SSf""r",kashpolef4
546,gworssamf5@drupal.org,eU5@0jCgT.Z~&}I7,nmckinleyf5
547,lskimf6@sina.com.cn,"lD1&1!X$""O",hjaggf6
548,edevennief7@skype.com,kE1'yrT8r,mgeillf7
549,dgerbelf8@amazon.co.uk,"sK5#""<#DDZ",mtrittonf8
550,ldominif9@nasa.gov,eL7*4vG8Qaned,amcaleesf9
551,bhadlandfa@networkadvertising.org,"vC2!<h,ff0hB%LyB",cjeaninfa
552,sklugfb@state.tx.us,lA5@cp1@s(8g,dhatchettfb
553,ebilslandfc@topsy.com,fA2\U\u(bv,cblacksellfc
554,cmarkfd@va.gov,tH0|1o@l9g,lschroederfd
555,fmorffewfe@bloglines.com,zU2`m{N/e0H{+&@T,dalgeofe
556,lvanleijsff@huffingtonpost.com,"wK1$e/""*",dlinggardff
557,hhannabussfg@nytimes.com,pN4@Epm=VuE,rsteersfg
558,adenerleyfh@bloglovin.com,sV3%v@5AK0sEiWM,jsteljesfh
559,lclohiseyfi@skype.com,wX7\Z'oC>M>8,kchesshyrefi
560,opicardofj@pinterest.com,xL5}c7do,rwoolmorefj
561,cguiettfk@icq.com,oI7&4a&7)B,ksodoryfk
562,ncossonfl@aboutads.info,rC2#TUMElOu0,tperfittfl
563,amacgillacolmfm@imdb.com,"bS4!Yjeq,",jbatiefm
564,oratefn@eventbrite.com,yI9>mL$GXY6BZS?,saizlewoodfn
565,kfeefo@github.io,"qT9\/07z8""Nb.`",bbielefeldfo
566,jemblenfp@redcross.org,nG3+lAyAr$Sd,khedinghamfp
567,sbarefq@utexas.edu,uD3+xm2N,oguilletonfq
568,wfustfr@mediafire.com,kL9!Sa~>U~yrpa3,ageorgeonfr
569,lethridgefs@marriott.com,dJ7*Zt#R.%Hykbo,daggissfs
570,wedlyneft@wordpress.com,qU9\0KF$bWQ{,ohellcatft
571,ghatherleyfu@taobao.com,nM4>_I0hxYg,mvogtfu
572,abidewelfv@ning.com,vY2/9&j@e,mboffinfv
573,kcushefw@hc360.com,uS3!i%mOMtQ.,kshackellfw
574,nmuzzallfx@w3.org,hR5|)*OUI2,alewndenfx
575,ghurfordfy@dot.gov,qP9<A.tWj2f+DA,jlyddiardfy
576,dschuchmacherfz@tinyurl.com,eO6|N&d#Xgr,jmusselwhitefz
577,bpershouseg0@wikipedia.org,wM8}%>l/o=U),mmorrisong0
578,povenellg1@bluehost.com,tF6@@m9ggYBz$vu#,bbeveridgeg1
579,jgaskingg2@furl.net,"wB3$gYP""v/}atl",rgallantg2
580,tfilking3@cloudflare.com,"mI5,f/*\}K",mshowlg3
581,umcquarterg4@smugmug.com,uS8/Y3`tIFR,gshinglesg4
582,ckerrigang5@icio.us,sJ4>22}X8'9,cadawayg5
583,rpickerg6@yellowbook.com,"lA0{""J\>fmFjH",motooleg6
584,glangcasterg7@so-net.ne.jp,nH0)k>pX3Z#N7,mvolckerg7
585,kdancyg8@google.com.au,"qR2&`,h@<V6Mi_aq",dsanthouseg8
586,meltong9@barnesandnoble.com,dE9}zVANoe=A,rraseg9
587,eilyukhovga@virginia.edu,lA2/RiC(,sraysdalega
588,etweedgb@istockphoto.com,"lR7~1*y#v,)",bmcewangb
589,cgrimmergc@ebay.com,"aA8""jmyyPR?",lhoffmanngc
590,sschirakgd@guardian.co.uk,"uO0'@""@hO",tdaintreegd
591,cblachfordge@nationalgeographic.com,tR5&#oG=8K}#,mbragerge
592,mclinegf@cam.ac.uk,mN9%k?g0nC$,vwylltgf
593,mwallingtongg@yale.edu,wR4*_M#eEw6Vn,bceceregg
594,mstubbleygh@marketwatch.com,mC7\m9TD8CRk2,hlamasnagh
595,aharsantgi@redcross.org,gR0}Pj6+<{i,cwedgbrowgi
596,dgrisleygj@google.com.au,zK5?7PuNd.hto,dginnellygj
597,rbartropgk@ameblo.jp,dF5_Z2?T,sgathwaitegk
598,abonngl@wunderground.com,wL7<!I5.0ox&Y5,hferreygl
599,jratleygm@deliciousdays.com,wS8\_0)A3,kembletongm
600,clavillegn@un.org,hE8*Dz_W9uTCm|,crobertetgn
601,dpikesleygo@ca.gov,hU0)\w*0Rt_vIn!1,kmaccookgo
602,ebeavingtongp@hexun.com,iA6'/MLX`7QI8,aharrellgp
603,dhartoppgq@cafepress.com,iI0<%tZ~oz($},kbadinigq
604,efearneygr@berkeley.edu,yH2*HjlJz_3T?},wbernardygr
605,sbetjemangs@twitter.com,uU4\n4HpwP@@,lgillamgs
606,cbolusgt@sohu.com,"uD9,9<I|j,WT~%/a",ncominellogt
607,lrennicksgu@cargocollective.com,nA4$y8&x(vQkH,vpokergu
608,hspellissygv@taobao.com,aE6@JyGqL2qF,tduthiegv
609,bwildgoosegw@nsw.gov.au,iS8#<2R25T}%,ccarrackgw
610,ndunbargx@123-reg.co.uk,fD3=}<tp~X?jT,trathbonegx
611,ebellogy@home.pl,dN2.xmy7i3rD,dbreslauergy
612,lmuddlegz@ebay.co.uk,wZ6_|TzJ.Xs>1'r,lgeydongz
613,cwodelandh0@gov.uk,hW7.421LcQNv24,jlymanh0
614,khinckesh1@wikia.com,"rL7$R=,bV",tsolomonh1
615,gbulteelh2@nasa.gov,hW7(rvwQqT,elacroixh2
616,abowerh3@twitpic.com,"oQ2(Vq#<1g8D${,.",tebbetth3
617,ntrowellh4@storify.com,kN7!A#a%/R*@*6S,csebrookh4
618,ptukeh5@weather.com,lQ1!<#n0Y,kdaburnh5
619,gadessh6@wikimedia.org,"uR9$n""q1H+OJ\IH",saireh6
620,ejestyh7@diigo.com,"iW8,MK,AVT$6,",stembletth7
621,nbuckerfieldh8@wp.com,yP9<9_WQ3#W,cdanilyukh8
622,bdixieh9@psu.edu,uA4#H'Z*!&s?,wpatzelth9
623,lmoorheadha@webnode.com,mS4}hg$qP,asilvertonha
624,dhazlehb@mit.edu,zU2\KdjzyLed48JY,sacreshb
625,tlidyardhc@google.com.br,kW9%q40r=8,aparkeyhc
626,lbedboroughhd@blogs.com,mD4.<sgglmZL|sm,shearnehd
627,wkidnerhe@blogspot.com,gD0`(T*Wf'\eM6,cferridayhe
628,mgrevehf@patch.com,mM0{CO!Dfh9Gf,drandlesomehf
629,rduckitthg@fastcompany.com,"uZ6~`ZUgf)LP,Dd",cyashinhg
630,anappinhh@symantec.com,eB9'2YSz|Rx|R*2,mvalentinhh
631,aloughranhi@epa.gov,iX0/uCvKa,rcootehi
632,ggibbhj@mail.ru,zJ3&Ldy0JA{#{Ac,amajorhj
633,alongmuirhk@bing.com,lO1'zZ&T@t,igeraulthk
634,abinninghl@infoseek.co.jp,vY1)iRkx.vA,gellingshl
635,adeeminghm@themeforest.net,dZ8_HGM<,lbraveryhm
636,alardnarhn@163.com,hV1#il>rci3?,lstorryhn
637,ssummersonho@paginegialle.it,nF3*|%avLoMDe(P,cseiffertho
638,nraynhamhp@ning.com,"yK4@?j4ywkX""!?i",cbeadellhp
639,cvidohq@github.com,hG4$nBVJ?kbLFR,sarenthq
640,dwebsterhr@walmart.com,rY7?fFYNG#P#gslb,cguerinhr
641,mgerriessenhs@bing.com,wT3}Bb2O2myT/6|,wjevonshs
642,fdericotht@jimdo.com,hP0&yzB|okAvg>,mtolomioht
643,hgoulbournehu@fda.gov,fT2{zIThF=,lchattelainehu
644,cnoadshv@forbes.com,sB8=+Wj}jjgdp\Tq,jgimbletthv
645,lwoodroofhw@jiathis.com,vZ3_v05L7f,amacquirehw
646,pwallenhx@mlb.com,bH6+AWpM,jdutsonhx
647,dshewardhy@51.la,uK3$bnh@n,anewgroshhy
648,ddyerhz@hatena.ne.jp,aL6=+K2LSKk6\,wtithecotehz
649,nstrathmani0@bloglines.com,"vW2}v5%.hU5,I",mwartnabyi0
650,cthreadgoldi1@springer.com,yZ7_~xO%GHu%r,cgouinlocki1
651,kstanbrai2@rambler.ru,xS4&J38veW'Y)?u,erickerseyi2
652,dgothupi3@va.gov,hR6.972o3#_O,dcardewi3
653,vfitteri4@amazon.com,iN9`RTJf!+,glovetti4
654,nniemieci5@gnu.org,"qG6""Og1&dEL6D",ahartasi5
655,aampsi6@yandex.ru,vL0!PWwlf,gdelucai6
656,ggoodanewi7@wired.com,lG3#=/R<rW.,gkensalli7
657,msoftleyi8@webnode.com,wE3>1~c%5,ctadlowi8
658,amerwedei9@umn.edu,nJ1/(u+mQA,pjoblingi9
659,praffeortyia@rakuten.co.jp,"vM4(2,0um+!",jregiia
660,pspeedyib@netvibes.com,iT4/Zbv5!j?lwM7,ddayneib
661,amoyneic@msu.edu,mC8.$7YndhT,escarbarrowic
662,mladleyid@hud.gov,cQ7{pI&>no14SJ6,medmeadesid
663,fblemenie@google.nl,aW0$?B<Z3,kpitbladoie
664,gambrodiif@myspace.com,fZ7'tyYtu>0{}r,asqueersif
665,gblumireig@simplemachines.org,"dP0?#""a0d5(3i.",tlyonsig
666,tanscottih@alibaba.com,yQ8~ykX@hL~No,cdoweih
667,jbolliverii@ucsd.edu,oH7@NVoe0mp,edeliasii
668,dkeavenyij@cnbc.com,hE4${VK#,ipieperij
669,adomneyik@amazon.de,fX3)f4RVkF{,bcrundenik
670,rholbornil@state.tx.us,"vQ9""!""TIn/A",htabourieril
671,kmoraleeim@oracle.com,cC6#'dF{QM7+dbm>,ihundeyim
672,bfernezin@house.gov,"nB5""@hF4u",mendicottin
673,liacovucciio@so-net.ne.jp,bY6=z&5>Gx,fdelortio
674,kmcevonip@weebly.com,cH3<DoD*86$,apotierip
675,lschuelckeiq@techcrunch.com,cV5/(7'up&,lbigglestoneiq
676,elejeanir@newyorker.com,lW6}$~/)9Ypq<C,jclemersonir
677,rdarceyis@yellowpages.com,lY9>*1/|Y%>s1()u,bskipponis
678,mfingletonit@pen.io,"iV0,}7Zf@h}9>>S",wthiesit
679,hfurbyiu@oaic.gov.au,yV1{D27)',btwentymaniu
680,vocalleraniv@vistaprint.com,wS6<~uB|!,fpochoniv
681,ghouseleeiw@macromedia.com,cI2(+}WAfD,slangthorneiw
682,rtitterellix@hubpages.com,"rX3,sWGJ",itythertonix
683,rbolesworthiy@census.gov,uV7_m/*a}S(rDhai,mstrutziy
684,pramasiz@theatlantic.com,gD0\?hwInKsD3,dgianasiiz
685,cmactrustramj0@tmall.com,lD3\WQ3EVq=(v,awillowsj0
686,mfyshj1@springer.com,"uA7""3<bGq",jtarbettj1
687,nmilanj2@indiegogo.com,iH5#AyC8?z,mdampj2
688,jlowrej3@vinaora.com,"zE3,8Sih""X0&",sbrockleyj3
689,icattenachj4@weibo.com,uA5_EFzdXLz\d,stremellanj4
690,spettisallj5@gov.uk,jA9(jQ7EFC,tferreresj5
691,fbeckettj6@ihg.com,"aP0{m'nA,'Hp",sprestlandj6
692,abouchierj7@mlb.com,"xZ3>WXkh{~qu,w@",oduiganj7
693,echatinj8@tripod.com,yS2@oc|zUp,fdurkinj8
694,estaterfieldj9@storify.com,"sM6(""lM##L7",esweetj9
695,lcapstakeja@digg.com,wK3&'F%5Wf,burreyja
696,gongejb@wired.com,vW0(03|56BM}0y$,dafonsojb
697,emeynelljc@yelp.com,qE9|RV4o/dcll1<J,mwitlingjc
698,ljouanninjd@slashdot.org,uY4~(e16r1iHng,gbrazjd
699,cdresselje@booking.com,sP3/LaA~M0snO}D,mvoiseyje
700,agatejf@infoseek.co.jp,zX4~'7KrFVk,bcarlojf
701,wgoatmanjg@technorati.com,sC3$>l$9Vi14,abroodesjg
702,ghanejh@time.com,iE7(h?mqah9RAS,mgogayjh
703,msketchleyji@jugem.jp,uE3%R=Hw,bbarthroppji
704,fblewmenjj@businessinsider.com,fH2_&GXVL\',mizattjj
705,zdimmerjk@fotki.com,"kN2,PVij?Lzq""/(",echeckleyjk
706,hamisjl@amazon.co.uk,oL7(3(4A,trabbejl
707,jgaugejm@cornell.edu,tR7>o5r3(Ok,bpostgatejm
708,fsweetenhamjn@state.gov,dM5!C?D3MD,agreatbanksjn
709,pgrishakinjo@china.com.cn,uC1!W9dDF,astephensjo
710,bvanhallejp@hatena.ne.jp,"cB5?,'MuzC{c\V",rsaltersjp
711,mdettmarjq@redcross.org,yF4?_MvOqiGv,mhenkensjq
712,crosengartenjr@amazon.co.jp,"oL8`@,fm",igeevejr
713,mgrimblejs@boston.com,"dL8""ITlEP/n9<|",atuxselljs
714,cdimitrujt@naver.com,nQ1&AcQy4z,jlekeuxjt
715,agoodbarrju@printfriendly.com,iH2>7A295>P,kstonerju
716,ndaubneyjv@naver.com,jX9}%_d1E|<l|,vrowledgejv
717,mbowermanjw@webs.com,mO4)#XUlqc',mkibbyjw
718,aivankovjx@multiply.com,uT5/o2tNNQY,jboulsherjx
719,hlanningjy@yellowbook.com,"eK1=o@XmK""He",brikeljy
720,bpheaseyjz@state.gov,uY7%N$x{I$N`,cmulryanjz
721,jbrinklerk0@unc.edu,gC1@{9JQGo,mdeningtonk0
722,csomerledk1@google.com.au,pB4~d4+x#@1K,kharyngtonk1
723,prougierk2@seesaa.net,kG7)I_uS!*,zegaltonk2
724,jrickellk3@nymag.com,zE8>9~GrHSrTJ57,fsaxbyk3
725,psmietonk4@free.fr,"eU1_bYl,R",jthulbornk4
726,gmeasuresk5@trellian.com,kT3\vSe9Amvh,nwalklatek5
727,cfinnemorek6@reference.com,wK9'MWa.bw%F`,mnorthwayk6
728,htonksk7@blogspot.com,nR7\6GEem<bAoh,smeekk7
729,jisacoffk8@goo.ne.jp,rO6@6HlCLQ,bboutsk8
730,blowseleyk9@dedecms.com,cV8!G@/l(}&,wbullk9
731,hdeleaka@columbia.edu,pT2$4UO&Q8\)1q,eburnelka
732,bhardmankb@apple.com,uO0'k3`mS4,ufydokb
733,ifosdikekc@google.cn,tY5'Y*HB#Q6{,gswindleskc
734,afairlambkd@stumbleupon.com,qF6_|*+(ds)\=|,cwhittetkd
735,jmcvickerke@quantcast.com,bK4=Yj'=FH,hgreenierke
736,kwingarkf@edublogs.org,gQ8|H8T8Bog,cminetkf
737,hgrinikhinkg@apple.com,kV8_R6.V7gc&DjFG,epluvierkg
738,ekarchowskikh@domainmarket.com,lG1|M$%aU,kshillomkh
739,eswithenbyki@walmart.com,yJ7?@pI?TiC3a,cmeneoki
740,lwhitbreadkj@diigo.com,zH3)OH<X!z2iQD_,mforgiekj
741,kastmankk@creativecommons.org,"oL6%&a""aU@N}`",tletevekk
742,pcarlowkl@hibu.com,iU0{$z&im_~ke)<,bpincheskl
743,wruttykm@uiuc.edu,oJ4#LmMSCT,sjestecokm
744,mcabankn@upenn.edu,pS1%q!pW2,vconverykn
745,klatliffko@tamu.edu,eK3(obu5m0>Xw1v,rkitcatko
746,imacekp@cbc.ca,"kZ8$OqZ<!.""y",ebeavankp
747,gusbornkq@freewebs.com,"yE6>9""dvCkd+LnWT",fberrymankq
748,scrosskr@va.gov,lE5/Wd@Vp?{*y,ltejadakr
749,lbleackleyks@sbwire.com,uO1!DYvgrt,ctwyfordks
750,epollokkt@bloglines.com,kU0/VokRpz(z,eeaklykt
751,evivyanku@dmoz.org,"aF5,xC1&cR}'m",turlichku
752,jclaybournekv@shinystat.com,"qS2/eD8}((,KsnJk",cpetersonkv
753,achampleykw@hostgator.com,dV3<*1!ZEAP%,jscrasekw
754,kpickupkx@usatoday.com,"gZ3!o""JF3lR8",amcwhirterkx
755,avasovicky@weibo.com,kB2?ULcoPK&,jdesouzaky
756,rwhitwoodkz@si.edu,yU3{Fr$X,gdavittikz
757,gsergeauntl0@elpais.com,"tQ8`,GWXl}@R,j",fczaplal0
758,asyslandl1@odnoklassniki.ru,"kP8..XVf$,H(K~m",aheinonenl1
759,ashirtcliffel2@blogtalkradio.com,jE7#.}_&$f,scurrelll2
760,zbaitmanl3@wsj.com,zX4}kITW,dgettinsl3
761,uwallacel4@people.com.cn,gW4&?R1eFdPk,mcorbetl4
762,aspencersl5@godaddy.com,kC8$3KX7l4,lluetkemeyerl5
763,cdoalel6@mail.ru,gH4!L{W)Z{D370T,bbrewertonl6
764,eellesworthl7@scribd.com,qM7~OxiJDM>PsF,fbischoffl7
765,sgrenshielsl8@fc2.com,rI4&sa23,ppillingerl8
766,hhathwoodl9@businessweek.com,lH8\xQ9?,tschimonil9
767,ahansenla@eventbrite.com,"xU1,)I{Qv",pmcbrydela
768,sabrahmerlb@bluehost.com,bY3<2<y+u%OBBLR*,abrettorlb
769,mgodberlc@technorati.com,sW5?'%nQEV1d7,mdurringtonlc
770,mscullardld@google.com.br,cO0(5|*\fOKT~XT,bgillibrandld
771,lbrookerle@ehow.com,wM5<7{St/\,ejewisele
772,aheyworthlf@vinaora.com,jF7@Q&i)L,dwestberglf
773,mfrankenlg@quantcast.com,pQ8~ZU8Z?~OSZS,jziemkelg
774,zbrigmanlh@msn.com,wL7}49g.e2,skellowaylh
775,peasomli@usda.gov,hB2$@.xWC8q5y,oigglesdenli
776,pdesesquellelj@ustream.tv,"eO2_,CNeM",ghulsonlj
777,htomczynskilk@bloomberg.com,vE9(KFYVPy,carisslk
778,lmaccambridgell@odnoklassniki.ru,"eT7&mlm,",mleonidall
779,vjanowskilm@soundcloud.com,yM0'9}\xv_,kbenaharonlm
780,iguyeln@is.gd,mU7=mV*T,mcarragherln
781,istollhoferlo@multiply.com,rZ4+Z.z',gwoanlo
782,cbrizelllp@google.ru,"kO0@KS3Lm.""{?&!~",tdivineylp
783,lcastellanoslq@e-recht24.de,zD2%(Tv$q.MM%,rpowlandlq
784,wlurrimanlr@weather.com,iJ6\k)6adUfGgpF,aharborowlr
785,fdrescherls@opensource.org,"jQ9.""`gH=",gcutmarels
786,apatronilt@google.ca,kZ1>j0S*r,bkynderlt
787,idelvelu@bloomberg.com,"mJ6's=\U9""|nb",oespinelu
788,wdowlelv@ebay.co.uk,kG2}f$W$C\qR2b#5,cmcconaghylv
789,ljurgensenlw@drupal.org,bD9$f@GILxl3,alaxtonnelw
790,ahannanlx@deliciousdays.com,rE1@G\#=aJLdk,celandlx
791,dblickly@blogtalkradio.com,sN4!N$i}=A',bfarrensly
792,fkinsonlz@weather.com,rP8*2qXx7cGg9}xK,gspreadburylz
793,cdunniomm0@hud.gov,xN1~(AN/,aolivetom0
794,kbockmanm1@aboutads.info,lC0#Q\=\,gchristoum1
795,gkestertonm2@free.fr,"hS5""Z0,dvu",glipgensm2
796,btattershawm3@1688.com,dB6%*}928mU,ahaslingm3
797,pvincem4@over-blog.com,iR1#hl\?<,gschlagmanm4
798,mbernardotm5@google.pl,"rV0*+a{""*f",ljuram5
799,tedmonstonem6@dmoz.org,jD9)8_oRPx1i9,mbroomhallm6
800,bhayleym7@macromedia.com,"pL2,lQR6N)!V60",fcriminm7
801,amcnellism8@si.edu,"xO5'S9Dg&K""",yvaenm8
802,blacasam9@hhs.gov,xR7*em=pp<Aeyg,fmaskallm9
803,jparleyma@diigo.com,"dX2(+8e`l""b5qG(",ehancockma
804,cwalesamb@domainmarket.com,uC4<s!?MB},snisslemb
805,rbeadonmc@state.tx.us,vK9&!J}{gsU,fmctaguemc
806,nkingescotmd@feedburner.com,fH9|uYgtDI},ctreadgermd
807,eivkovicme@oakley.com,oJ9~*|L\hl3,gfrancombme
808,ahaggarmf@twitpic.com,tD1*/Jr>5BB*},akyngemf
809,trammemg@ebay.co.uk,tQ9|6\HNq,lholliarmg
810,rkahnmh@yellowpages.com,"nZ3,#mc\T",vgeibelmh
811,leskellmi@mashable.com,"nH2""$!NmZU""J8",jheretymi
812,sstylesmj@cnet.com,nC8(g#R4iSP,rmacdiarmondmj
813,bcastrimk@amazon.co.uk,wL5#R6A1T,jwinchcombemk
814,jneathml@mtv.com,aK1'7*h5(4&PT_,bdiblingml
815,abardenmm@amazon.co.jp,qP6'fAbDGsE\,tfalcusmm
816,jpietrzykmn@yandex.ru,"wB2,WQBe"".~I_",scogzellmn
817,adillistonemo@nationalgeographic.com,tL5}D$D?,wwimsettmo
818,lrousmp@ft.com,cA7|v}KCBpH,lwindermp
819,akeytemq@vimeo.com,wQ1=Eu\{&W,sstrasemq
820,gfenichmr@vkontakte.ru,gN4~$KV1,eadamsenmr
821,clisimorems@mtv.com,hL7%V4#&iN58yQsZ,hmenichinoms
822,eharwellmt@opera.com,kP9|}A~`(vk>,rchallenormt
823,ibeesmu@themeforest.net,cT9{5IOW2hp!,rdirandmu
824,dsweetlovemv@ft.com,yU4$io4VrdzI9V~,mlordonmv
825,emapesmw@ft.com,qA8}8*Umj'&mp`,adalgarnochtmw
826,mgrossiermx@hao123.com,jD4>gAwLnwl9tJ,vquinceymx
827,nmuddimanmy@pagesperso-orange.fr,"vH7}=sH,_(@ys/K",garklemy
828,btipplermz@dell.com,pU9#p3\k)=zG,rkeatingmz
829,cspreadn0@webs.com,jH4@oTx!Lp,nswornen0
830,epaskn1@nhs.uk,pM5=>~ok|m,fpaunsfordn1
831,cdainen2@51.la,wR8!wJ_?oYGJ,wbalhatchetn2
832,mtudgayn3@tmall.com,"aG9_JK,Dkj\q",bcockshottn3
833,haylottn4@godaddy.com,dV7)/CxJBf,rhydesn4
834,rwillmotn5@devhub.com,bN8}PE(8I,cprottn5
835,mfaynen6@netvibes.com,mH5$B!m7XzbO?`*#,brouxn6
836,btownleyn7@cnbc.com,"dK2_IBI(sW(@""eQp",hbuddockn7
837,vbroadwoodn8@shareasale.com,gY3=28P/H&.e/o,dbrandsenn8
838,gbrewertonn9@usgs.gov,nG7<0'a49'I?,phargraven9
839,syarwoodna@liveinternet.ru,jA7}.gL@o,faceyna
840,pkuhnnb@tamu.edu,aG4$J7LeearS/,mcouvertnb
841,ngoedenc@parallels.com,sH7)UKr8fw,ssansomnc
842,tcourtmannd@networksolutions.com,hA8(lmVB6gm,msegond
843,thallihanne@tinyurl.com,"oM8?H`y<3(i|""'O",tcreanne
844,dmahoneynf@e-recht24.de,"jP4,n?y82.+`dV",mfroggattnf
845,rhaldeneng@bing.com,wT0%m9~Kx*h,oconting
846,jhalenh@exblog.jp,fB4!>S$A?,dcorradengonh
847,acorpni@fotki.com,hV0.m#xs2#gKml6,stimperleyni
848,efillernj@networkadvertising.org,rA5@ecbrp,episcotnj
849,aklehynnk@vkontakte.ru,vJ5{$$WHZ\ohK(S,bpeardenk
850,sshotboultenl@theglobeandmail.com,gC2'#8|!<n(a_1,tkilminsternl
851,jventomnm@ovh.net,nE0+@#upA@'bEO,edoddingnm
852,dmccuddennn@bloomberg.com,cC3'sm+Ff6!,toxherdnn
853,bmollnarno@plala.or.jp,uD3.2=%1*|J\,sbollesno
854,rorteauxnp@edublogs.org,"wZ1'k""`9z&Ybt",bdackombenp
855,gmikalskinq@wp.com,yU6{HdlO_L4>V3,greiglarnq
856,dgoddardnr@nytimes.com,vJ8)'uYcy,jbaksternr
857,gminardsns@jiathis.com,rP6*L~WdHjB9C`%,ibowickns
858,mbraghinint@jimdo.com,zF8`=5wjHSD,gdykesnt
859,amcareenu@hhs.gov,zM8\scBE0p1,ehardingenu
860,gmacterrellynv@craigslist.org,nH9%x<mB,rbrydenv
861,lsuchnw@whitehouse.gov,uL2@s!TC!Ozq,npichmannnw
862,ldewintonnx@etsy.com,dP5)5rR30,ltownendnx
863,mbresnerny@ted.com,hI7<M$e+#O,rbedberryny
864,jforshawnz@soup.io,bA0@DAUJYy)bPIM,tcottrillnz
865,dcollistero0@dedecms.com,dY9?TVf35?,wrammello0
866,dchristopherseno1@msn.com,"kM1|/ix<d,|z>x",whavoco1
867,cpotkino2@foxnews.com,bG2#rY@(*dYwBA?P,tcolletono2
868,meddowiso3@blogs.com,tL2?3ukp`fZ22FH,ebakeso3
869,qsidawayo4@foxnews.com,dM1(jTB#_IVv=,jdartnello4
870,malredo5@nsw.gov.au,"dP5*h)""1u<I",jdudlestono5
871,vscholeo6@vinaora.com,fQ8'i#@tF`z_,nquartleyo6
872,lodonohueo7@kickstarter.com,"uF3&p,@|7$f=!x",ldencso7
873,imineroo8@google.com.hk,vW8\a?67k?j/,mboatwrighto8
874,baslotto9@pen.io,dL6%&wM/u,dpudseyo9
875,bugonioa@fema.gov,hG8.`cFXgeN4K@,jmckainoa
876,hkaesmakersob@spotify.com,"qM1+,!pS",nzielinskiob
877,ctredwelloc@macromedia.com,sX6@Q5mXpI,tmolanoc
878,csurpliceod@vk.com,pC3=~JFH&aq,wmaccaheeod
879,fburdassoe@theglobeandmail.com,gV4|VzGe,ahedgeleyoe
880,dmulhallof@comsenz.com,yE3_rYNV+~,tparrattof
881,gfackrellog@amazon.co.jp,"oS8`3|,U1,X",fmoggog
882,moliveoh@fastcompany.com,"bY1,R7Sa",kburdeoh
883,acaspelloi@sogou.com,pY7>UxBK_2hNM5E<,hmcgirroi
884,aedelstonoj@blog.com,mM6@yE3/=<M,hhaughianoj
885,mridehalghok@ucoz.ru,mL9(x/0yc1,sginnellyok
886,ktaverinerol@smugmug.com,kP0.pj%G4MZ2}GvH,abuttreyol
887,akleinermanom@timesonline.co.uk,mR5*U&I%,owaleom
888,ptamblingsonon@storify.com,mD8'Qyy*vY8,elowsonon
889,fjanssenoo@desdev.cn,wN5!aV*H'q>2cb.u,kstennetoo
890,dsighardop@plala.or.jp,"mF8""d7iM""rI%",cparmenterop
891,snorsworthyoq@opensource.org,"oM0=#,b5oC(gx7.",tshorthouseoq
892,ltarbettor@github.io,lJ3+Sx=@a`,lbarrackor
893,lclueos@indiatimes.com,qZ1.<uH8Z+~h2,sparadisos
894,kmawfordot@zdnet.com,pE1'S}y',eadamot
895,zfladgateou@friendfeed.com,"hD3<N""lmaD,u#d?S",nperillioou
896,pocuolahanov@com.com,rZ7<PAAWV,hmonnoyerov
897,ldykasow@purevolume.com,uY0&ny12y4xc(5I,gwinterbottomow
898,ggurnettox@youtube.com,gE8$Gq$TZ,rodamox
899,cbeneditooy@va.gov,cZ8`F33HK,mjandourekoy
900,ljarreltoz@seesaa.net,bW5}wxzd!hYGv',smclagganoz
901,lbuttfieldp0@stumbleupon.com,cC3`'xGEu0RH+X8/,skatzmannp0
902,smargaritellip1@comsenz.com,aA1&KdQ6U$9gm,bcoyettp1
903,lharbertp2@uol.com.br,eS0&A'.0d`7pxKS3,nniasp2
904,biacovinop3@cbsnews.com,"bM4`Y~Yg,e",mbarefordp3
905,hdigiacomettinop4@wiley.com,oR6.HK=(KWEg!,ddinjesp4
906,eforrip5@imdb.com,wC6_0674z,ejannawayp5
907,siacovuzzip6@uol.com.br,fA8!g64%,lbrungerp6
908,credsullp7@yolasite.com,yG8}}=._?`9e=d,fbayleyp7
909,bblennerhassettp8@paginegialle.it,tI0>lHy|N`?PX,nduetschensp8
910,sdomanskip9@free.fr,lZ0.x#`r&`,cmardollp9
911,smacailinepa@tiny.cc,"oO6,)zqMy",sesserpa
912,slangcastlepb@eventbrite.com,eP7(mhu/&1,lsteptowepb
913,cburnhamspc@nydailynews.com,wM7=gbn\&Xrm,wgierokpc
914,mproompd@bloglovin.com,"tQ7?bj7ji'yD,RYj",ekeytepd
915,fglanderspe@twitter.com,"iB6'GLcX'C'6eL,H",rdultonpe
916,dkanzlerpf@foxnews.com,zQ2@HYR'G,pnajarapf
917,frevanspg@mozilla.org,eI7{z%L<~P8,eletsonpg
918,kgatmanph@ucoz.com,"cM2,W5_{YY|opbp",lbarzenph
919,iedrichpi@webs.com,yN6~<qwnuhP!1,pcreedpi
920,lbattypj@sciencedaily.com,sE2=`LdwvvC\tyE,mgiamittipj
921,cgiovanazzipk@google.fr,tJ9`kG@?,llidellpk
922,cwinsompl@joomla.org,"kW1\,oM_YVHXV7Y",mbunfordpl
923,thartopppm@java.com,iL9@Y)PAku|4,qtrimmillpm
924,ncorhardpn@prnewswire.com,wR7+g=O<,hdebischofpn
925,vgowdridgepo@bloglines.com,zR1)U\$3,lscalespo
926,sferrinopp@timesonline.co.uk,"eK9""d#63\{$po}",pmachentpp
927,sfranschinipq@uiuc.edu,dE9/HIBa*k8R8UAU,erogierpq
928,rduesberrypr@cisco.com,"mC3_O)y~""L1",rpickfordpr
929,sdomaschkeps@yellowpages.com,kL4?!CG*Gn,rswaiteps
930,rbumfordpt@4shared.com,"rU7#f0R_?p""m04,\",silsonpt
931,fbromheadpu@pagesperso-orange.fr,pW5>'hXucUyVPFW,dovidpu
932,wfarrantspv@domainmarket.com,"gA0&,AMG'?A54A",jengelmannpv
933,jbriskeypw@howstuffworks.com,nZ8?Il}oc,cpinnerpw
934,grosebothampx@google.com.au,tN4`HlX3,cenochpx
935,kfengepy@about.me,kW5#tS0BG+x<D,bcorteispy
936,tharnottpz@samsung.com,yN2+_Wu2#M8NY,gpomfreypz
937,pguerriq0@blogtalkradio.com,"eH4@K9""v",chanrettyq0
938,veastmondq1@sitemeter.com,"zI1'u|""J2",ojoscelyneq1
939,kkinnearq2@dmoz.org,"cM3/KTV1,u",rlazerq2
940,djorryq3@ted.com,"zY1$CU|C""L)#cm?",peddicottq3
941,hkemmerq4@unicef.org,bO6>NV$/O,kpontefractq4
942,nmashamq5@theglobeandmail.com,iK6/h0w/jVCn2n0i,czellnerq5
943,jcelierq6@fc2.com,gW8*WC@Z|pDTh,bmcdyerq6
944,kpointsq7@examiner.com,mJ7(LtEydGe8E+,mklainmanq7
945,ahinchcliffeq8@webeden.co.uk,"bU0""!v>ZLXo\#3!",jmiddenq8
946,ghaibelq9@reverbnation.com,"zG4#"">>J,R",edibiasioq9
947,wbadderqa@elpais.com,"oO1`Fz4gTk6,GMO",transonqa
948,boggersqb@comsenz.com,aL7%R0m~,mcuddeqb
949,twinyardqc@fda.gov,eE5?ES/w.Tg,wgarawayqc
950,iberfootqd@home.pl,kW7`Q@+_w=>(kT,faddicoteqd
951,jwollenqe@yahoo.co.jp,"iT7?PmYI|pr=|Zf,",mchapelhowqe
952,lburbidgeqf@mac.com,iL7*2CW}.YBm,tlansleyqf
953,vhowettqg@paginegialle.it,eM8>F~r.,msanbrookqg
954,ewhittersqh@google.ca,"gP5/pu$L<I,P",swebenqh
955,bscottingqi@alexa.com,qT1_@\CRcPhvD)},koldroydeqi
956,sharmsonqj@symantec.com,"uH6,nm1IO~UG0/Oz",hantoinetqj
957,gculpenqk@biglobe.ne.jp,"mZ2|aRRv#2""6f",zbealqk
958,ggrubbeql@wikipedia.org,wU6\%Cys~+d,thottonql
959,nsaulqm@clickbank.net,lP1\RE+#nJEn,gsudyqm
960,craggittqn@liveinternet.ru,"eH8<,%%(",vbiesingerqn
961,ostansallqo@meetup.com,fF5{7Q?+IwR,mfearensideqo
962,ggatelandqp@google.pl,qE8&l.n2l/,aferfulleqp
963,amcleseqq@issuu.com,gA4$ccB'0h9GTH|%,jmartinetsqq
964,ericartqr@example.com,"tG8,LPlG'waMF",hsimonssonqr
965,pkillqs@webmd.com,vE5)*a#+M,vgrimsdithqs
966,pkitmanqt@live.com,"oR8?#J""sV'",tdallimoreqt
967,cofenerqu@archive.org,"xG8/wzgJ.CnVPO,",fkirkpatrickqu
968,cgettensqv@jalbum.net,aU4|k}c*8mwn,rkearsleyqv
969,dshallcrassqw@unc.edu,xP4%\1I'8kU,mtriponqw
970,dbloxlandqx@cbsnews.com,gZ5{4~ElF#_M,rcrackqx
971,aruckqy@census.gov,iE0|D2M#LsXt,nmorecombeqy
972,speresqz@si.edu,"qB3,ZWff`",teacleqz
973,crenwickr0@archive.org,lA0(}@o{`MZ!B@,rconlaundr0
974,gsilvermanr1@cafepress.com,cJ3(HV0Z6F#E2jY,rjendricker1
975,ccoolingr2@feedburner.com,nT9#N@F0,klillowr2
976,vklimontovichr3@furl.net,hT9*c'NzB(b,wmaddenr3
977,ladanr4@simplemachines.org,cP9)vyqZ4',cmayter4
978,bjachimakr5@sohu.com,xY8>\7M<M,acarberryr5
979,mchatanr6@bloglines.com,iL0$ks=%'CKB`z+,cschimankr6
980,hblodgetr7@issuu.com,nZ9_O+J%%.0$Io{1,hgurneyr7
981,croxbroughr8@linkedin.com,"dS0,SvkCkl",fszantor8
982,jreesr9@nymag.com,nB7?0A2*!KdH~#f,gmundenr9
983,aflintoftra@php.net,bT9{E<wA*+2,alinnockra
984,tcoyshrb@shop-pro.jp,"mH1""}Jt#VXT?",lcausbyrb
985,vfordycerc@naver.com,"pL6,{s|url",lthompsettrc
986,erawlingsrd@geocities.com,aC5/4/Qi,rsallanrd
987,nmacgebenayre@eepurl.com,kS9@'twZ2n|8,mreedayre
988,gmonshallrf@walmart.com,gE1\U!Ie,abrewserf
989,aharrowrg@deviantart.com,oH4(U1LW!,bkirvinrg
990,mgarthrh@wufoo.com,nY8&\fA1!8,kbauserrh
991,mgrandisonri@mediafire.com,zY0>g>al=,mpennoniri
992,bduchesnerj@scribd.com,sB4+iIT#J.%>@b8,gmassenrj
993,npapacciork@ning.com,vP7}+)dpBI?,aplaylerk
994,wahrendsenrl@fastcompany.com,pZ9$)(4)D0FJuV,brichterrl
995,dmarkwelleyrm@flickr.com,"pN7~_.3I>%j,T\",cdatterm
996,mdashperrn@go.com,dO6%o)wq+F$0f~,mbogiesrn
997,bbletsoero@1688.com,vT2`.DHsS1}y3<m=,dsemkenro
998,jangoodrp@barnesandnoble.com,wL6=bW}V?L2,csouthrp
999,hbloomfieldrq@google.es,pK4)5H%*XkhRNd${,jalphonsorq
1000,alassellerr@noaa.gov,dW5\?1>/6,cvicareyrr
